"DESCRIPTION","DURATION IN MS","NAME","PARENT SUITE","START TIME","STATUS","STOP TIME","SUB SUITE","SUITE","TEST CLASS","TEST METHOD"
"Заказ можно создать: с одним цветом (BLACK или GREY), с двумя цветами и без указания цвета. В ответе возвращается track.","1041","Создание заказа с разными вариантами цвета — код 201 и поле track","tests","2026-09-30","passed","2026-09-30","TestCreateOrder","test_create_order","",""
"Если не передать обязательное поле login, возвращается ошибка","568","Авторизация без логина — код 400","tests","2026-09-30","passed","2026-09-30","TestLoginCourier","test_login_courier","",""
"Если не передать обязательное поле login, возвращается ошибка","518","Создание курьера без логина — код 400","tests","2026-09-30","passed","2026-09-30","TestCreateCourier","test_create_courier","",""
"Заказ можно создать: с одним цветом (BLACK или GREY), с двумя цветами и без указания цвета. В ответе возвращается track.","1043","Создание заказа с разными вариантами цвета — код 201 и поле track","tests","2026-09-30","passed","2026-09-30","TestCreateOrder","test_create_order","",""
"Успешная авторизация созданного курьера возвращает id","450","Курьер может авторизоваться — код 200 и поле id","tests","2026-09-30","passed","2026-09-30","TestLoginCourier","test_login_courier","",""
"Если пользователя нет в системе, возвращается ошибка","519","Авторизация под несуществующим пользователем — код 404","tests","2026-09-30","passed","2026-09-30","TestLoginCourier","test_login_courier","",""
"Для создания курьера достаточно обязательных полей login и password; запрос возвращает ok: true","1570","Создание курьера только с обязательными полями login и password — код 201","tests","2026-09-30","passed","2026-09-30","TestCreateCourier","test_create_courier","",""
"Если не передать обязательное поле password, возвращается ошибка","478","Авторизация без пароля — код 400","tests","2026-09-30","passed","2026-09-30","TestLoginCourier","test_login_courier","",""
"В теле ответа возвращается список заказов в поле orders","15550","Получение списка заказов — код 200 и список в теле ответа","tests","2026-09-30","passed","2026-09-30","TestListOrders","test_list_orders","",""
"Если не передать обязательное поле password, возвращается ошибка","521","Создание курьера без пароля — код 400","tests","2026-09-30","passed","2026-09-30","TestCreateCourier","test_create_courier","",""
"При неверном пароле система возвращает ошибку","523","Авторизация с неверным паролем — код 404","tests","2026-09-30","passed","2026-09-30","TestLoginCourier","test_login_courier","",""
"Повторное создание курьера с тем же логином возвращает ошибку","525","Нельзя создать двух одинаковых курьеров — код 409","tests","2026-09-30","passed","2026-09-30","TestCreateCourier","test_create_courier","",""
"Заказ можно создать: с одним цветом (BLACK или GREY), с двумя цветами и без указания цвета. В ответе возвращается track.","1041","Создание заказа с разными вариантами цвета — код 201 и поле track","tests","2026-09-30","passed","2026-09-30","TestCreateOrder","test_create_order","",""
"При неверном логине система возвращает ошибку","523","Авторизация с неверным логином — код 404","tests","2026-09-30","passed","2026-09-30","TestLoginCourier","test_login_courier","",""
"Проверка успешного создания курьера с валидными данными","2220","Курьера можно создать — код 201 и тело ok: true","tests","2026-09-30","passed","2026-09-30","TestCreateCourier","test_create_courier","",""
"Заказ можно создать: с одним цветом (BLACK или GREY), с двумя цветами и без указания цвета. В ответе возвращается track.","1046","Создание заказа с разными вариантами цвета — код 201 и поле track","tests","2026-09-30","passed","2026-09-30","TestCreateOrder","test_create_order","",""
